brand,model,trim,year,price,priceIncludes,mainImageUrl,category,displacementCc,cylinders,horsepowerHp,torqueNm,fuelType,transmissionType,transmissionSpeeds,driveType,lengthMm,widthMm,heightMm,wheelbaseMm,trunkCapacityL,weightKg,passengerCapacity,fuelEconomyValue,fuelEconomyUnit,tankCapacityL,airbagsCount,hasAbs,hasStabilityControl,hasRearCamera,seatType,hasBluetooth,hasCarPlay,warrantyYears,warrantyKm,highlights
KIA,Picanto,1.25 MPI Manual,2027,0,,/img/vehiculos/kia-picanto.jpg,HATCHBACK,1248,4,83,122,GASOLINA,MANUAL,5,FWD_4X2,3595,1595,1485,2400,255,,5,,,35,6,true,true,true,Tela,true,true,,,Motor 1.25 L MPI DOHC 16 válvulas|6 airbags|ABS & EBD + ESC|Cámara de reversa|Apple CarPlay y Android Auto|Bluetooth con reconocimiento de voz|ISOFIX|Asiento posterior abatible 60:40|Rines R14
KIA,Picanto,1.25 MPI Automático,2027,0,,/img/vehiculos/kia-picanto.jpg,HATCHBACK,1248,4,83,122,GASOLINA,AUTOMATICA,4,FWD_4X2,3595,1595,1485,2400,255,,5,,,35,6,true,true,true,Tela,true,true,,,Motor 1.25 L MPI DOHC 16 válvulas|6 airbags|ABS & EBD + ESC|Cámara de reversa|Apple CarPlay y Android Auto|Bluetooth con reconocimiento de voz|ISOFIX|Asiento posterior abatible 60:40|Rines R14
KIA,Soluto,1.4 MPI Manual,2027,0,,/img/vehiculos/kia-soluto.jpg,SEDAN,1368,4,94,132,GASOLINA,MANUAL,5,FWD_4X2,4300,1700,1460,2570,475,,5,,,43,2,true,true,true,Tela,false,true,,,Motor 1.4 L MPI DOHC 16 válvulas|ABS + ESC|HAC (asistente de arranque en pendiente)|Cámara de reversa|Apple CarPlay y Android Auto|ISOFIX|Rines R14
KIA,Soluto,1.4 MPI Automático,2027,0,,/img/vehiculos/kia-soluto.jpg,SEDAN,1368,4,94,132,GASOLINA,AUTOMATICA,4,FWD_4X2,4300,1700,1460,2570,475,,5,,,43,2,true,true,true,Tela,false,true,,,Motor 1.4 L MPI DOHC 16 válvulas|ABS + ESC|HAC (asistente de arranque en pendiente)|Cámara de reversa|Apple CarPlay y Android Auto|ISOFIX|Rines R14
KIA,Sonet,1.5 CVVT IVT,2027,0,,/img/vehiculos/kia-sonet.jpg,SUV,1497,4,114,144,GASOLINA,CVT,,FWD_4X2,4120,1790,1640,2500,392,,5,,,45,6,true,true,true,Tela,true,true,,,Motor 1.5 L CVVT Dual de doble puerto de inyección|Transmisión IVT (variable inteligente)|6 airbags|ABS & EBD + HAC + ESC + TCS + DBC|Control crucero|Pantalla táctil con Apple CarPlay y Android Auto|Aire acondicionado automático con salida en 2da fila|Cámara de reversa con guías|Rack de techo|Rines R16
KIA,Seltos,1.5 Automático,2027,0,,/img/vehiculos/kia-seltos.jpg,SUV,1497,4,114,144,GASOLINA,AUTOMATICA,,FWD_4X2,4385,1800,1635,2630,433,,5,,,50,6,true,true,true,Tela,true,true,,,Motor 1.5 L|6 airbags|ABS & EBD + HAC + ESC|EPB (freno electrónico de parqueo)|Pantalla táctil con Apple CarPlay y Android Auto|Aire acondicionado automático|Cámara de reversa con guías|Control de luces automático|Rack de techo|Rines R16
KIA,Sportage,2.0 MPI Automático FWD,2027,0,,/img/vehiculos/kia-sportage.jpg,SUV,1999,4,154,192,GASOLINA,AUTOMATICA,,FWD_4X2,4685,1865,1665,2755,591,,5,,,54,6,true,true,true,Cuero,true,true,,,"Motor 2.0 L MPI|Modos de manejo Eco, Normal, Sport y Smart|Techo panorámico|Puerta trasera eléctrica con apertura inteligente|Clúster digital panorámico|Cargador inalámbrico|Monitor y detección de punto ciego (BVM + BCW)|Sensor de parqueo (PDW)|EPB + HAC + DBC + TPMS|Luces 100% LED|Climatizador bi-zona|Asiento del conductor eléctrico con soporte lumbar"
KIA,Sportage,2.0 MPI Automático AWD,2027,0,,/img/vehiculos/kia-sportage.jpg,SUV,1999,4,154,192,GASOLINA,AUTOMATICA,,AWD_4X4,4685,1865,1665,2755,591,,5,,,54,6,true,true,true,Cuero,true,true,,,"Motor 2.0 L MPI|Modos de manejo Eco, Normal, Sport y Smart|Techo panorámico|Puerta trasera eléctrica con apertura inteligente|Clúster digital panorámico|Cargador inalámbrico|Monitor y detección de punto ciego (BVM + BCW)|Sensor de parqueo (PDW)|EPB + HAC + DBC + TPMS|Luces 100% LED|Climatizador bi-zona|Asiento del conductor eléctrico con soporte lumbar|Tracción AWD"
KIA,Sorento,3.5 V6 AWD,2027,0,,/img/vehiculos/kia-sorento.jpg,SUV,3470,6,268,332,GASOLINA,AUTOMATICA,,AWD_4X4,4800,1865,1650,2800,591,,7,,,,6,true,true,true,Cuero,true,true,,,"Motor 3.5 L V6 MPI|Tracción AWD|3 filas para 7 pasajeros|Modos de terreno Nieve, Tierra y Arena|Techo panorámico|Puerta trasera eléctrica con apertura inteligente|Asistente de visión periférica (AVM)|Asistente de carril (LFA y LKA) y de colisión frontal (FCA)|Punto ciego (BVM y BCW)|Cargador inalámbrico y puertos USB tipo C|Luces 100% LED|Climatizador bi-zona"
KIA,Carnival,3.5 V6,2027,0,,/img/vehiculos/kia-carnival.jpg,MINIVAN,3470,6,268,332,GASOLINA,AUTOMATICA,,FWD_4X2,5155,1995,1775,3090,627,,8,,,67,6,true,true,true,Cuero,true,true,,,Motor 3.5 L V6 MPI|3 filas para 8 pasajeros|Climatizador en tres zonas|Techo panorámico|Puerta trasera eléctrica con apertura inteligente|Clúster digital panorámico|Asistente de carril (LFA y LKA) y de colisión frontal (FCA)|Cargador inalámbrico y puertos USB tipo C|Sensor de lluvia y control de luces automático|Luces 100% LED
KIA,Tasman,4x2 LT,2027,0,,/img/vehiculos/kia-tasman.jpg,PICKUP,2500,,,,GASOLINA,AUTOMATICA,8,FWD_4X2,5410,1930,1870,3270,,,5,,,80,,true,true,false,,true,true,,,Motor 2.500 cc turbo gasolina EURO 4|Transmisión automática de 8 velocidades|Capacidad de carga 1.151 kg|ABS / ESC / VSM / HAC|MCB (frenado multicolisión) y TSA (estabilidad de remolque)|DBC e ITBC (control de freno de remolque)|Sensores de proximidad|TPMS de alta gama|Encendido remoto|Carga inalámbrica dual|Modos de manejo Eco/Normal/Sport|Bloqueador de diferencial mecánico|Cauchos 265/65 R17
KIA,Tasman,4x4 LT,2027,0,,/img/vehiculos/kia-tasman.jpg,PICKUP,2500,,,,GASOLINA,AUTOMATICA,8,AWD_4X4,5410,1930,1870,3270,,,5,,,80,,true,true,false,,true,true,,,Motor 2.500 cc turbo gasolina EURO 4|Transmisión automática de 8 velocidades|Capacidad de carga 1.151 kg|ABS / ESC / VSM / HAC|MCB (frenado multicolisión) y TSA (estabilidad de remolque)|DBC e ITBC (control de freno de remolque)|Sensores de proximidad|TPMS de alta gama|Encendido remoto|Carga inalámbrica dual|Modos de manejo Eco/Normal/Sport|Tracción 4x4|Bloqueador de diferencial mecánico|Activación offroad por botón|Asistente de estacionamiento|Cauchos 265/65 R17
KIA,Tasman,4x4 X-PRO,2027,0,,/img/vehiculos/kia-tasman.jpg,PICKUP,2500,,,,GASOLINA,AUTOMATICA,8,AWD_4X4,5410,1930,1870,3270,,,5,,,80,,true,true,false,,true,true,,,"Motor 2.500 cc turbo gasolina EURO 4|Transmisión automática de 8 velocidades|Capacidad de carga 1.151 kg|ABS / ESC / VSM / HAC|MCB (frenado multicolisión) y TSA (estabilidad de remolque)|DBC e ITBC (control de freno de remolque)|Sensores de proximidad|TPMS de alta gama|Encendido remoto|Carga inalámbrica dual|Modos de manejo Eco/Normal/Sport|Tracción 4x4|Bloqueador de diferencial electrónico|Clúster e infoentretenimiento de 12,3 y 12,3 pulgadas|Activación offroad por botón|Asistente de estacionamiento|Cauchos 265/70 R17"
